{"stats":{"minecraft:picked_up":{"minecraft:creeper_head":2,"minecraft:leather":7,"minecraft:lead":4,"minecraft:wheat_seeds":1,"minecraft:sand":1,"minecraft:gunpowder":19,"minecraft:dirt":5},"minecraft:killed":{"minecraft:trader_llama":2,"minecraft:wandering_trader":1,"minecraft:creeper":3},"minecraft:mined":{"minecraft:grass":7,"minecraft:sand":1,"minecraft:tall_grass":5},"minecraft:used":{"minecraft:creeper_spawn_egg":27,"minecraft:water_bucket":12,"securitycraft:electrified_iron_fence":48,"minecraft:trident":21,"minecraft:netherite_sword":12,"minecraft:sand":1,"minecraft:flint_and_steel":13,"minecraft:grass_block":51,"minecraft:spruce_slab":10},"minecraft:custom":{"minecraft:time_since_rest":92493,"minecraft:crouch_one_cm":461,"minecraft:sprint_one_cm":20072,"minecraft:play_time":92493,"minecraft:walk_one_cm":34316,"minecraft:sneak_time":115,"minecraft:walk_under_water_one_cm":458,"minecraft:mob_kills":10,"minecraft:jump":123,"minecraft:damage_dealt":944,"minecraft:leave_game":3,"minecraft:walk_on_water_one_cm":4858,"minecraft:time_since_death":92493,"minecraft:total_world_time":92493,"minecraft:swim_one_cm":44,"minecraft:talked_to_villager":3,"minecraft:fall_one_cm":1788,"minecraft:fly_one_cm":60853}},"DataVersion":3465}