{"stats":{"minecraft:picked_up":{"minecraft:leather":3,"minecraft:lead":2,"minecraft:wheat_seeds":1,"minecraft:sand":1},"minecraft:mined":{"minecraft:grass":7,"minecraft:sand":1,"minecraft:tall_grass":5},"minecraft:killed":{"minecraft:trader_llama":2,"minecraft:wandering_trader":1},"minecraft:used":{"minecraft:trident":17,"minecraft:netherite_sword":6,"minecraft:sand":1},"minecraft:custom":{"minecraft:time_since_rest":82871,"minecraft:crouch_one_cm":393,"minecraft:sprint_one_cm":8593,"minecraft:play_time":82871,"minecraft:walk_one_cm":18531,"minecraft:sneak_time":50,"minecraft:mob_kills":3,"minecraft:jump":87,"minecraft:damage_dealt":450,"minecraft:leave_game":2,"minecraft:time_since_death":82871,"minecraft:total_world_time":82871,"minecraft:talked_to_villager":1,"minecraft:fall_one_cm":1788,"minecraft:fly_one_cm":27007}},"DataVersion":3465}