{"stats":{"minecraft:used":{"minecraft:sand":1},"minecraft:picked_up":{"minecraft:sand":1,"minecraft:wheat_seeds":1},"minecraft:mined":{"minecraft:tall_grass":5,"minecraft:grass":7,"minecraft:sand":1},"minecraft:custom":{"minecraft:jump":57,"minecraft:time_since_rest":29569,"minecraft:damage_dealt":40,"minecraft:crouch_one_cm":292,"minecraft:sprint_one_cm":6786,"minecraft:play_time":29569,"minecraft:time_since_death":29569,"minecraft:walk_one_cm":7343,"minecraft:sneak_time":35,"minecraft:total_world_time":29569,"minecraft:fall_one_cm":1788,"minecraft:fly_one_cm":25874}},"DataVersion":3465}