{"stats":{"minecraft:killed":{"minecraft:trader_llama":2,"minecraft:pig":2,"spore:jagd":1,"spore:brute":2,"minecraft:wandering_trader":1,"minecraft:creeper":3},"minecraft:used":{"minecraft:creeper_spawn_egg":27,"minecraft:netherite_sword":12,"minecraft:trident":21,"securitycraft:electrified_iron_fence":48,"minecraft:water_bucket":12,"spore:sickle":15,"minecraft:flint_and_steel":13,"minecraft:grass_block":71,"minecraft:spruce_slab":10,"tombstone:grave_key":2,"spore:infected_crossbow":4,"minecraft:sand":2,"minecraft:dirt":3,"spore:brute_spawnegg":2,"spore:jagd_spawnegg":1,"tombstone:gift":3},"minecraft:mined":{"minecraft:grass":8,"minecraft:sand":1,"minecraft:dirt":1,"minecraft:tall_grass":5},"minecraft:dropped":{"spore:r_elytron":1},"minecraft:custom":{"minecraft:time_since_rest":1629,"minecraft:sprint_one_cm":28195,"minecraft:damage_taken":580,"minecraft:walk_one_cm":71840,"minecraft:mob_kills":16,"minecraft:drop":1,"minecraft:damage_dealt":2452,"minecraft:swim_one_cm":44,"minecraft:talked_to_villager":3,"minecraft:fly_one_cm":141938,"minecraft:crouch_one_cm":674,"minecraft:play_time":113986,"minecraft:deaths":7,"minecraft:sneak_time":206,"minecraft:walk_under_water_one_cm":528,"minecraft:aviate_one_cm":8943,"minecraft:jump":204,"minecraft:leave_game":7,"minecraft:walk_on_water_one_cm":6304,"minecraft:time_since_death":2151,"minecraft:total_world_time":113986,"minecraft:fall_one_cm":2473},"minecraft:picked_up":{"spore:mutated_heart":1,"spore:cerebrum":1,"minecraft:creeper_head":2,"minecraft:leather":7,"spore:armor_fragment":19,"minecraft:lead":4,"minecraft:porkchop":6,"minecraft:sand":1,"minecraft:gunpowder":19,"minecraft:dirt":5,"spore:innards":2,"tombstone:gift":1,"spore:r_elytron":1,"minecraft:wheat_seeds":1,"spore:mutated_fiber":16},"minecraft:killed_by":{"spore:inf_husk":1,"spore:inf_villager":2}},"DataVersion":3465}